18thGerman-preKant	in the 18th century, prior to Kant
abduction	abduction
abelard	Abelard [Abailard], Peter
abhidharma	Abhidharma
abilities	abilities
abner-burgos	Abner of Burgos
abortion	abortion, ethics of
abrabanel	Abrabanel, Judah
abraham-daud	Ibn Daud, Abraham
abstract-objects	abstract objects
abu-bakr-al-razi	al-Razi, Abu Bakr
action	action
action-perception	action-based theories of perception
actualism-possibilism-ethics	actualism and possibilism in ethics
adaptationism	adaptationism
addams-jane	Addams, Jane
adorno	Adorno, Theodor W.
advance-directives	advance directives
aesthetic-concept	aesthetic, concept of the
aesthetic-experience	aesthetic experience
aesthetic-judgment	aesthetic judgment
aesthetic-judgment	aesthetics: aesthetic judgment
aesthetic-testimony	aesthetic testimony
aesthetics-18th-british	British, in the 18th century
aesthetics-18th-french	French, in the 18th century
aesthetics-18th-german	German, in the 18th century
aesthetics-19th-romantic	19th Century Romantic
aesthetics-cogsci	and cognitive science
aesthetics-critical-theory	aesthetics: in critical theory
aesthetics-critical-theory	in critical theory
aesthetics-existentialist	aesthetics: existentialist
aesthetics-existentialist	existentialist
aesthetics-of-everyday	aesthetics of the everyday
affirmative-action	affirmative action
african-ethics	African Philosophy: ethics
african-ethics	ethics
african-sage	sage philosophy
africana	Africana Philosophy
africana-contemporary	contemporary
afterlife	afterlife
agency	agency
agent-modeling-philscience	modeling in the philosophy of science, agent-based
agrippa-nettesheim	Agrippa von Nettesheim, Heinrich Cornelius
akan-person	of the person
al-baghdadi	al-Baghdadi, &lsquo;Abd al-Latif
al-din-al-razi	al-Razi, Fakhr al-Din
al-farabi	al-Farabi
al-farabi-logic	philosophy of logic and language
al-farabi-metaphysics	metaphysics
al-farabi-psych	psychology and epistemology
al-farabi-soc-rel	philosophy of society and religion
al-ghazali	al-Ghazali
al-kindi	al-Kindi
al-qudat	al-Qudat, &#703;Ayn
alain-locke	Locke, Alain LeRoy
albalag	Albalag, Isaac
alberic-paris	Alberic of Paris
albert-great	Albert the Great [= Albertus Magnus]
albert-saxony	Albert of Saxony
albo-joseph	Albo, Joseph
alcmaeon	Alcmaeon
alexander	Alexander, Samuel
alexander-aphrodisias	Alexander of Aphrodisias
alexander-crummell	Crummell, Alexander
alexander-humboldt	Humboldt, Alexander von
algebra	algebra
algebra-logic-tradition	algebra of logic tradition
algorithmic-fairness	algorithmic
algorithmic-fairness	fairness: algorithmic
alienation	alienation
alternative-possibilities	principle of alternative possibilities
althusser	Althusser, Louis
altruism	altruism
altruism-biological	biological
altruism-empirical	altruism: empirical approaches
altruism-empirical	empirical approaches
alyngton	Alyngton, Robert
ambiguity	ambiguity
ammonius	Ammonius
analogy-medieval	analogy: medieval theories of
analogy-medieval	medieval theories of
analysis	analysis
analytic-synthetic	analytic/synthetic distinction
anaphora	anaphora
anarchism	anarchism
anaxagoras	Anaxagoras
ancient-political	ancient
ancient-soul	soul, ancient theories of
anderson-john	Anderson, John
animal-communication	animal: communication
animal-communication	communication
animal-normativity	animal: normativity
animal-normativity	normativity
animal-social-cognition	animal: social cognition
animal-social-cognition	social cognition
animalism	animalism
anna-julia-cooper	Cooper, Anna Julia
anomalous-monism	anomalous monism
anscombe	Anscombe, Gertrude Elizabeth Margaret
anselm	Anselm of Canterbury [Anselm of Bec]
antiochus-ascalon	Antiochus of Ascalon
antonio-rosmini	Rosmini, Antonio
apriori	a priori justification and knowledge
aquinas	Aquinas, Thomas
aquinas-moral-political	moral, political, and legal philosophy
arabic-islamic-causation	in Arabic and Islamic thought
arabic-islamic-essence	essence and existence
arabic-islamic-greek	Greek sources
arabic-islamic-influence	influence of Arabic and Islamic Philosophy on the Latin West
arabic-islamic-judaic	influence of Arabic and Islamic Philosophy on Judaic thought
arabic-islamic-language	philosophy of language and logic
arabic-islamic-liar	in Arabic and Islamic Philosophy 
arabic-islamic-metaphysics	metaphysics
arabic-islamic-mind	psychology and philosophy of mind
arabic-islamic-mysticism	mysticism
arabic-islamic-natural	natural philosophy and natural science
arabic-islamic-phil-math	philosophy of mathematics
arabic-islamic-religion	philosophy of religion
arcesilaus	Arcesilaus
architecture	architecture, philosophy of
archytas	Archytas
arendt	Arendt, Hannah
argument	argument and argumentation
aristotelianism-renaissance	in the Renaissance
aristotle	Aristotle
aristotle-aesthetics	aesthetics
aristotle-biology	biology
aristotle-categories	categories
aristotle-causality	causality
aristotle-commentators	Aristotle, commentators on
aristotle-de-motu	De Motu Animalium
aristotle-ethics	ethics
aristotle-logic	Aristotle, General Topics: logic
aristotle-logic	logic
aristotle-mathematics	mathematics
aristotle-metaphysics	metaphysics
aristotle-natphil	natural philosophy
aristotle-noncontradiction	on non-contradiction
aristotle-politics	political theory
aristotle-psychology	psychology
aristotle-rhetoric	rhetoric
aristotle-text	textual transmission of Aristotelian corpus
arnauld	Arnauld, Antoine
arrows-theorem	Arrow&rsquo;s theorem
art-definition	art, definition of
art-ontology-history	ontology of art, history of
artifact	artifact
artificial-intelligence	artificial intelligence
assertion	assertion
associationist-thought	associationist theories of thought
astell	Astell, Mary
atheism-agnosticism	atheism and agnosticism
atomism-ancient	ancient
atomism-modern	17th to 20th century
atonement	atonement
attention	attention
august-rehberg	Rehberg, August Wilhelm
augustine	Augustine of Hippo
auriol	Auriol [Aureol, Aureoli], Peter
austin-jl	Austin, John Langshaw
austin-john	Austin, John
authenticity	authenticity
authority	authority
autonomy-moral	in moral and political philosophy
autrecourt	Nicholas of Autrecourt [de Altricuria, Autricuria, Ultricuria, Autricort]
axiom-choice	choice, axiom of
ayer	Ayer, Alfred Jules
ayn-rand	Rand, Ayn
basing-epistemic	basing relation, epistemic
baudrillard	Baudrillard, Jean
bauer	Bauer, Bruno
bayes-theorem	Bayes&rsquo; Theorem
bayle	Bayle, Pierre
beardsley-aesthetics	Beardsley, Monroe C.: aesthetics
beardsley-aesthetics	aesthetics
beauty	beauty
beauvoir	Beauvoir, Simone de
behaviorism	behaviorism
belief	belief
belief-merging	belief merging and judgment aggregation
bell-theorem	Bell&rsquo;s Theorem
benjamin	Benjamin, Walter
bentham	Bentham, Jeremy
bergson	Bergson, Henri
berkeley	Berkeley, George
berlin	Berlin, Isaiah
bessarion	Bessarion, Basil [Cardinal]
binarium	binarium famosissimum
binarium	binarium famosissimum [= most famous pair]
biodiversity	biodiversity
biodiversity	ecology: biodiversity
bioethics-latin-america	bioethics: in Latin American
bioethics-latin-america	in Latin American
biology-developmental	developmental biology
biology-experiment	biology: experiment in
biology-experiment	experiment in
biology-individual	biological individuals
biology-philosophy	philosophy of
biomedicine	biomedicine, philosophy of
black-reparations	reparations, Black
blame	blame
bloch	Bloch, Ernst
bodily-awareness	bodily awareness
bodin	Bodin, Jean
boethius	Boethius, Anicius Manlius Severinus
boethius-dacia	Boethius of Dacia
bohr-correspondence	correspondence principle
bolzano	Bolzano, Bernard
bolzano-logic	logic
bonaventure	Bonaventure
boolalg-math	the mathematics of
boole	Boole, George
bosanquet	Bosanquet, Bernard
boundary	boundary
bounded-rationality	bounded rationality
boyle	Boyle, Robert
bradley	Bradley, Francis Herbert
bradley-moral	moral philosophy
bradley-regress	Regress
branching-time	branching time
brentano	Brentano, Franz
brentano-judgement	theory of judgement
broad	Broad, Charlie Dunbar
brouwer	Brouwer, Luitzen Egbertus Jan
bruno	Bruno, Giordano
buber	Buber, Martin
buddha	Buddha
buddhism-chan	Chan Buddhism
buddhism-chan	Chinese Philosophy: Chan Buddhism
buddhism-huayan	Chinese Philosophy: Huayan Buddhism
buddhism-huayan	Huayan Buddhism
buddhism-tiantai	Chinese Philosophy: Tiantai Buddhism
buddhism-tiantai	Tiantai Buddhism
buridan	Buridan, John [Jean]
burke	Burke, Edmund
burley	Burley [Burleigh], Walter
butler-moral	moral philosophy
byzantine-philosophy	Byzantine Philosophy
callicles-thrasymachus	Callicles and Thrasymachus
callicles-thrasymachus	Plato: Callicles and Thrasymachus
cambridge-platonists	Cambridge Platonists
campanella	Campanella, Tommaso
camus	Camus, Albert
cancer	cancer
capability-approach	capability approach
capitalism	capitalism
cardano	Cardano, Girolamo [Geronimo]
carnap	Carnap, Rudolf
carneades	Carneades
cassirer	Cassirer, Ernst
categories	categories
category-mistakes	category mistakes
category-theory	category theory
catharine-macaulay	Macaulay, Catharine
causal-explanation-science	causal approaches to
causal-explanation-science	scientific explanation: causal approaches to
causal-models	causal models
causation-backwards	backward
causation-counterfactual	counterfactual theories of
causation-law	in the law
causation-mani	and manipulability
causation-medieval	causation: medieval theories of
causation-medieval	medieval theories of
causation-metaphysics	the metaphysics of
causation-physics	in physics
causation-probabilistic	probabilistic
causation-regularity	regularity and inferential theories of
cell-biology	cell biology, philosophy of
cellular-automata	cellular automata
certainty	certainty
ceteris-paribus	ceteris paribus
ceteris-paribus	laws of nature: ceteris paribus
chance-randomness	chance: versus randomness
chance-randomness	versus randomness
change	and inconsistency
chaos	chaos
chemistry	chemistry, philosophy of
childhood	childhood, the philosophy of
children	children, philosophy for
chimeras	chimeras, human/non-human
chimeras	ethics, biomedical: chimeras, human/non-human
chinese-change	Chinese Philosophy: philosophy of change
chinese-change	philosophy of change
chinese-epistemology	epistemology
chinese-legalism	legalism in
chinese-logic-language	logic and language in Early Chinese Philosophy
chinese-metaphysics	metaphysics
chinese-mind	Chinese Philosophy: mind (heart-mind)
chinese-mind	mind (heart-mind)
chinese-painting-calligraphy	Chinese Philosophy: aesthetics, painting and calligraphy
chinese-painting-calligraphy	aesthetics, painting and calligraphy
chinese-phil-medicine	Chinese Philosophy: Chinese medicine
chinese-phil-medicine	Chinese medicine
chinese-phil-science	science
chinese-room	Chinese room argument
chinese-social-political	social and political thought
chinese-translate-interpret	translating and interpreting
chisholm	Chisholm, Roderick
christiantheology-philosophy	Christian theology, philosophy and
church	Church, Alonzo
church-turing	Church-Turing Thesis
cicero	Cicero
citizenship	citizenship
civic-education	civic education
civil-disobedience	civil disobedience
civil-rights	civil rights
clarke	Clarke, Samuel
clauberg	Clauberg, Johannes
climate-science	climate science
clinical-research	clinical research
clinical-research	ethics, biomedical: clinical research
cloning	cloning
closure-epistemic	epistemic closure
cockburn	Cockburn, Catharine Trotter
coercion	coercion
cognition-animal	animal: cognition
cognition-animal	cognition
cognitive-disability	cognitive disability and moral status
cognitive-science	cognitive science
cohen	Cohen, Hermann
collective-intentionality	collective
collective-responsibility	collective
collingwood	Collingwood, Robin George
collingwood-aesthetics	Collingwood, Robin George: aesthetics
collingwood-aesthetics	aesthetics
collins	Collins, Anthony
colonialism	colonialism
color	color
common-good	common good
common-ground-pragmatics	common ground in pragmatics
common-knowledge	common knowledge
communitarianism	communitarianism
comparative-cognition	comparative cognition, methods in
comparphil-chiwes	Chinese and Western
comparphil-chiwes	comparative philosophy: Chinese and Western
compatibilism	compatibilism
compositionality	compositionality
computability	computability and complexity
computation-physicalsystems	in physical systems
computational-complexity	computational complexity theory
computational-linguistics	computational
computational-linguistics	linguistics: computational
computational-mind	computational theory of
computational-mind	mind: computational theory of
computational-philosophy	computational philosophy
computer-science	computer science, philosophy of
computing-history	modern history of
computing-responsibility	and moral responsibility
comte	Comte, Auguste
concept-emotion-india	concept of emotion
concept-evil	concept of
concept-religion	concept of
concepts	concepts
conceptual-art	art, conceptual
condemnation	condemnation of 1277
condillac	Condillac, &Eacute;tienne Bonnot de
conditionals	conditionals
confirmation	confirmation
confucian-gender	gender in Confucian philosophy
confucianism-modern	Chinese Confucianism: Modern Confucianism
confucianism-modern	Modern Confucianism
confucius	Confucius
connectionism	connectionism
connectives-logic	connectives: sentence connectives in formal logic
connectives-logic	sentence connectives in formal logic
conscience	conscience
conscience-medieval	conscience: medieval theories of
conscience-medieval	medieval theories of
consciousness	consciousness
consciousness-17th	seventeenth-century theories of
consciousness-animal	animal: consciousness
consciousness-animal	consciousness
consciousness-higher	higher-order theories
consciousness-intentionality	and intentionality
consciousness-intentionality	consciousness: and intentionality
consciousness-neuroscience	neuroscience of
consciousness-representational	representational theories of
consciousness-temporal	consciousness: temporal
consciousness-temporal	temporal
consciousness-unity	unity of
consequence-medieval	consequence, medieval theories of
consequentialism	consequentialism
consequentialism-rule	consequentialism: rule
consequentialism-rule	rule
consequentializing	consequentializing
conservation-biology	conservation biology
conservatism	conservatism
constitutionalism	constitutionalism
constructive-empiricism	constructive empiricism
constructivism-metaethics	in metaethics
constructivism-political	in political philosophy
content-causal	causal theories of
content-externalism	externalism about the mind
content-narrow	narrow
content-nonconceptual	mental content: nonconceptual
content-nonconceptual	nonconceptual
content-teleological	mental content: teleological theories of
content-teleological	teleological theories of
contextualism-epistemology	contextualism, epistemic
continuity	continuity and infinitesimals
continuum-hypothesis	continuum hypothesis
continuum-hypothesis	set theory: continuum hypothesis
contract-law	contract law, philosophy of
contractarianism	contractarianism
contractarianism-contemporary	contemporary approaches to
contractualism	contractualism
contradiction	contradiction
convention	convention
conway	Conway, Lady Anne
copernicus	Copernicus, Nicolaus
cordemoy	Cordemoy, G&eacute;raud de
corruption	corruption
cosmological-argument	cosmological argument
cosmology	cosmology, philosophy of
cosmology-30s	methodological debates in the 1930s and 1940s
cosmology-theology	and theology
cosmopolitanism	cosmopolitanism
counterfactuals	conditionals: counterfactual
counterfactuals	counterfactual
crathorn	Crathorn, William
creation-conservation	creation and conservation
creationism	creationism
creativity	creativity
crescas	Crescas, Hasdai
criminal-law	criminal law, theories of
critical-phil-race	critical philosophy of race
critical-theory	critical theory
critical-thinking	critical thinking
croce-aesthetics	Croce, Benedetto: aesthetics
croce-aesthetics	aesthetics
cudworth	Cudworth, Ralph
cugoano	Cugoano, Ottobah
culture	culture
culture-cogsci	and cognitive science
curry-paradox	Curry&rsquo;s paradox
cusanus	Cusanus, Nicolaus
cusanus	Cusanus, Nicolaus [Nicolas of Cusa]
cyrenaics	Cyrenaics
dai-zhen	Dai Zhen
dance	dance, philosophy of
dante	Dante Alighieri
daoism	Daoism
daoism-religion	religious
darwinism	Darwinism
david	David
david-lewis	Lewis, David
davidson	Davidson, Donald
death	death
death-definition	death: definition of 
death-definition	definition of 
decision-capacity	decision-making capacity
decision-causal	causal
decision-theory	decision theory
decision-theory-descriptive	descriptive
dedekind-foundations	Dedekind, Richard: contributions to the foundations of mathematics
dedekind-foundations	contributions to the foundations of mathematics
deductivism-mathematics	deductivism in the philosophy of mathematics
defaults-semantics-pragmatics	defaults in semantics and pragmatics
definitions	definitions
dehumanization	dehumanization
deleuze	Deleuze, Gilles
della-porta	Porta, Giambattista della
delmedigo	Delmedigo, Elijah
delusion	delusion
democracy	democracy
democritus	Democritus
demonstration-medieval	demonstration: medieval theories of
demonstration-medieval	medieval theories of
dependence-ontological	dependence, ontological
depiction	depiction
derrida	Derrida, Jacques
descartes	Descartes, Ren&eacute;
descartes-epistemology	epistemology
descartes-ethics	ethics
descartes-ideas	theory of ideas
descartes-mathematics	mathematics
descartes-method	method
descartes-modal	Descartes, Ren&eacute;: modal metaphysics
descartes-modal	modal metaphysics
descartes-ontological	Descartes, Ren&eacute;: ontological argument
descartes-ontological	ontological argument
descartes-physics	physics
descartes-works	life and works
descriptions	descriptions
desert	desert
desgabets	Desgabets, Robert
desire	desire
determinate-determinables	determinates and determinables
determinism-causal	causal
determinism-causal	determinism: causal
dewey	Dewey, John
dewey-aesthetics	Dewey, John: aesthetics
dewey-aesthetics	aesthetics
dewey-moral	moral philosophy
dewey-political	political philosophy
dharmakiirti	Dharmak&#299;rti
diagrams	and diagrammatical reasoning
dialectical-school	Dialectical School
dialetheism	dialetheism
diderot	Diderot, Denis
dietrich-freiberg	Dietrich of Freiberg
digital-art	digital art, philosophy of
dignity	dignity
dilthey	Dilthey, Wilhelm
diodorus-cronus	Diodorus Cronus
dirty-hands	dirty hands, the problem of
disability	definitions and models
disability	disability: definitions and models
disability-care-rationing	and health care rationing
disability-critical	critical disability theory
disability-justice	and justice
disability-justice	disability: and justice
disability-well-being	and well-being
disability-well-being	disability: and well-being
disagreement	disagreement
disagreement-moral	moral disagreement
discourse-representation-theory	discourse representation theory
discrimination	discrimination
disjunction	disjunction
dispositions	dispositions
divine-freedom	divine
divine-freedom	freedom: divine
divine-hiddenness	hiddenness of God
divine-revelation	revelation, divine
divine-simplicity	divine
divine-simplicity	simplicity: divine
doing-allowing	doing vs. allowing harm
domination	domination
double-consciousness	double consciousness
double-effect	double effect, doctrine of
doxastic-voluntarism	doxastic voluntarism
doxography-ancient	doxography of ancient philosophy
dreams-dreaming	dreams and dreaming
du-bos	Du Bos, Jean-Baptiste 
dualism	dualism
dubois	Du Bois, W.E.B.
duhem	Duhem, Pierre
duns-scotus	Duns Scotus, John
dutch-book	Dutch book arguments
dynamic-choice	choice, dynamic
dynamic-epistemic	dynamic epistemic
dynamic-epistemic	logic: dynamic epistemic
dynamic-semantics	dynamic
dynamic-semantics	semantics: dynamic
early-modern-india	Early Modern India, analytic philosophy in
ecological-genetics	ecological
ecological-genetics	genetics: ecological
ecology	ecology
economic-democracy	democracy: economic
economic-democracy	economic
economic-justice	economics [normative] and economic justice
economic-justice	economics and economic justice
economics	philosophy of
economics-early-modern	in early modern philosophy
education-philosophy	education, philosophy of
edwards	Edwards, Jonathan
egalitarianism	egalitarianism
egoism	egoism
ehrenfels	Ehrenfels, Christian von
einstein-philscience	philosophy of science
elias	Elias
elisabeth-bohemia	Elisabeth, Princess of Bohemia
embodied-cognition	embodied
emerson	Emerson, Ralph Waldo
emilie-du-chatelet	Ch&acirc;telet, &Eacute;milie du
emily-elizabeth-constance-jones	Jones, Emily Elizabeth Constance
emotion	emotion
emotion-Christian-tradition	in the Christian tradition
emotions-17th18th	17th and 18th century theories of
emotions-17th18th	emotion: 17th and 18th century theories of
emotions-chinese	Chinese Philosophy: emotions in early Chinese Philosophy
emotions-chinese	emotions in early Chinese Philosophy
empathy	empathy
empedocles	Empedocles
empiricism-ancient-medieval	ancient and medieval
enhancement	human enhancement
enlightenment	Enlightenment
environmental-aesthetics	environmental
envy	envy
epictetus	Epictetus
epicurus	Epicurus
epiphenomenalism	epiphenomenalism
episteme-techne	episteme and techne
episteme-techne	episteme and techne [= scientific knowledge and expertise]
epistemic-game	epistemic foundations of
epistemic-game	game theory: epistemic foundations of
epistemic-paradoxes	epistemic paradoxes
epistemic-self-doubt	self-doubt, epistemic
epistemic-utility	epistemic utility arguments for epistemic norms
epistemology	epistemology
epistemology-bayesian	Bayesian
epistemology-bayesian	epistemology: Bayesian
epistemology-evolutionary	evolutionary
epistemology-geometry	epistemology of
epistemology-india	Indian Philosophy (Classical): epistemology
epistemology-india	epistemology
epistemology-language-tibetan	Tibetan epistemology and philosophy of language
epistemology-latin-america	epistemology: in Latin America
epistemology-latin-america	in Latin America
epistemology-naturalized	epistemology: naturalism in
epistemology-naturalized	naturalism in
epistemology-social	epistemology: social
epistemology-social	social
epistemology-virtue	virtue
epistemology-visual-thinking	epistemology of
epistemology-visual-thinking	visual thinking in mathematics: epistemology of
epsilon-calculus	epsilon calculus
equal-ed-opportunity	of educational opportunity
equal-opportunity	of opportunity
equality	equality
equivME	equivalence of mass and energy
erasmus	Erasmus, Desiderius
erfurt	Thomas of Erfurt
ergodic-hierarchy	ergodic hierarchy
ernst-mach	Mach, Ernst
erotic-art	erotic
essential-accidental	essential vs. accidental properties
eternity	eternity, in Christian thought
ethics-ai	artificial intelligence: ethics of
ethics-ai	ethics of
ethics-ancient	ancient
ethics-ancient	ethics: ancient
ethics-belief	belief, ethics of
ethics-business	business
ethics-chinese	Chinese Philosophy: ethics
ethics-chinese	ethics
ethics-cultural-heritage	cultural heritage, ethics of
ethics-deontological	deontological
ethics-deontological	ethics: deontological
ethics-environmental	environmental
ethics-indian-buddhism	ethics: in Indian Buddhism
ethics-indian-buddhism	in Indian Buddhism
ethics-internet-research	ethics: internet research
ethics-internet-research	internet research
ethics-it-phenomenology	information technology: phenomenological approaches to ethics and
ethics-it-phenomenology	phenomenological approaches to ethics and
ethics-manipulation	manipulation, ethics of
ethics-pregnancy	pregnancy, birth, and medicine
ethics-search	ethics: search engines and
ethics-search	search engines and
ethics-social-networking	social networking and ethics
ethics-virtue	ethics: virtue
ethics-virtue	virtue
eugenics	eugenics
euthanasia-voluntary	voluntary
events	events
evidence	evidence
evidence-legal	the legal concept of
evil	problem of
evil-kinds-origins	kinds and origins
evolution	evolution
evolution-before-darwin	concept before Darwin
evolution-cultural	cultural
evolution-cultural	evolution: cultural
evolution-development	evolution and development
evolutionary-psychology	evolutionary
evolutionary-psychology	psychology: evolutionary
existence	existence
existentialism	existentialism
existentialism-mexican	Mexican
existentialism-mexican	existentialism: Mexican
experimental-aesthetics	art and aesthetics: experimental philosophy of
experimental-aesthetics	experimental philosophy of
experimental-jurisprudence	jurisprudence, experimental
experimental-moral	experimental moral philosophy
experimental-philosophy	experimental philosophy
exploitation	exploitation
facts	facts
faith	faith
falaquera	Falaquera, Shem Tov Ibn
fallacies	fallacies
fatalism	fatalism
fechner	Fechner, Gustav Theodor
federalism	federalism
feigl	Feigl, Herbert
femapproach-analy-cont	intersections between analytic and continental philosophy
femapproach-analytic	analytic philosophy
femapproach-continental	continental philosophy
femapproach-prag-cont	intersections between pragmatist and continental philosophy
femapproach-pragmatism	pragmatism
feminism-aesthetics	aesthetics
feminism-aesthetics	feminist philosophy, interventions: aesthetics
feminism-argumentation	perspectives on argumentation
feminism-autonomy	perspectives on autonomy
feminism-class	perspectives on class and work
feminism-disability	feminist philosophy, topics: perspectives on disability
feminism-disability	perspectives on disability
feminism-environmental	environmental philosophy
feminism-epistemology	epistemology and philosophy of science
feminism-epistemology	feminist philosophy, interventions: epistemology and philosophy of science
feminism-ethics	ethics
feminism-ethics	feminist philosophy, interventions: ethics
feminism-family	perspectives on reproduction and the family
feminism-femhist	history of philosophy
feminism-gender	perspectives on sex and gender
feminism-globalization	perspectives on globalization
feminism-language	philosophy of language
feminism-latin-america	Latin American feminism
feminism-latin-america	feminist philosophy, approaches: Latin American feminism
feminism-law	philosophy of law
feminism-liberal	feminist philosophy, interventions: liberal feminism
feminism-liberal	liberal feminism
feminism-metaphysics	metaphysics
feminism-moralpsych	moral psychology
feminism-objectification	perspectives on objectification
feminism-political	political philosophy
feminism-psychoanalysis	psychoanalytic philosophy
feminism-rape	perspectives on rape
feminism-self	feminist philosophy, topics: perspectives on the self
feminism-self	perspectives on the self
feminism-trans	feminist philosophy, topics: perspectives on trans issues
feminism-trans	perspectives on trans issues
feminist-bioethics	bioethics
feminist-body	perspectives on the body
feminist-philosophy	feminist philosophy
feminist-philosophy-biology	feminist philosophy, interventions: philosophy of biology
feminist-philosophy-biology	philosophy of biology
feminist-power	perspectives on power
feminist-religion	feminist philosophy, interventions: philosophy of religion
feminist-religion	philosophy of religion
feminist-science	perspectives on science
feminist-sex-markets	perspectives on sex markets
feminist-social-epistemology	feminist philosophy, interventions: social epistemology
feminist-social-epistemology	social epistemology
feyerabend	Feyerabend, Paul
ficino	Ficino, Marsilio
fiction	fiction
fiction-emotion-response	emotional responses to
fiction-emotion-response	fiction: emotional responses to
fictional-entities	fictional entities
fictionalism	fictionalism
fictionalism-mathematics	fictionalism
fictionalism-mathematics	mathematics, philosophy of: fictionalism
fictionalism-modal	fictionalism: modal
fictionalism-modal	modal
fideism	fideism
film	film, philosophy of
findlay	Findlay, J.N.
fine-tuning	fine-tuning
fitch-paradox	Fitch&rsquo;s paradox of knowability
fitness	fitness
fitting-attitude-theories	fitting attitude theories of value
fitzralph	FitzRalph, Richard
fleck	Fleck, Ludwik
folkpsych-simulation	as mental simulation
folkpsych-theory	as a theory
forgiveness	forgiveness
form-matter	form vs. matter
formal-belief	belief, formal representations of
formal-epistemology	epistemology, formal
formalism-mathematics	formalism
formalism-mathematics	mathematics, philosophy of: formalism
foucault	Foucault, Michel
frame-problem	frame problem
francis-bacon	Bacon, Francis
francis-marchia	Francis of Marchia
francisco-sanches	Sanches, Francisco
francois-barre	Poulain de la Barre, Fran&ccedil;ois
frantz-fanon	Fanon, Frantz
frederick-douglass	Douglass, Frederick
free-rider	free rider problem
free-will-foreknowledge	divine foreknowledge and
free-will-foreknowledge	free will: divine foreknowledge and
freedom-ancient	ancient theories of
freedom-ancient	freedom: ancient theories of
freedom-association	of association
freedom-speech	of speech
freewill	free will
frege	Frege, Gottlob
frege-hilbert	Frege, Gottlob: controversy with Hilbert
frege-hilbert	controversy with Hilbert
frege-logic	logic
frege-theorem	theorem and foundations for arithmetic
friedrich-hayek	Hayek, Friedrich
friedrich-jacobi	Jacobi, Friedrich Heinrich
friedrich-lange	Lange, Friedrich Albert
friendship	friendship
fuller-margaret	Fuller, Margaret
functionalism	functionalism
fundamentality	fundamentality
future-contingents	future contingents
gadamer	Gadamer, Hans-Georg
gadamer-aesthetics	Gadamer, Hans-Georg: aesthetics
gadamer-aesthetics	aesthetics
galen	Galen
galileo	Galileo Galilei
game-ethics	and ethics
game-evolutionary	evolutionary
game-evolutionary	game theory: evolutionary
game-theory	game theory
games-abstraction	abstraction and completeness
gametes-donation-sale	donation and sale of human eggs and sperm
gangesa	Ga&#7749;ge&#347;a
gassendi	Gassendi, Pierre
gasset	Ortega y Gasset, Jos&eacute;
gauge-theories	gauge theories in physics
gelukpa	Gelukpa [dge lugs pa]
gene	gene
generalized-quantifiers	generalized quantifiers
generics	generic generalizations
genetic-drift	genetic drift
genetics	genetics
genomics	genomics and postgenomics
genotype-phenotype	genotype/phenotype distinction
genrel-early	early philosophical interpretations of
geometry-19th	in the 19th century
geometry-finitism	finitism in
george-eliot	George, Eliot
gersonides	Gersonides
gianfrancesco-pico	Pico della Mirandola, Giovanni Francesco [Gianfrancesco]
giles	Giles of Rome
global-democracy	democracy: global
global-democracy	global
globalization	globalization
god-necessary-being	God: and other necessary beings
god-necessary-being	and other necessary beings
god-ultimates	God: and other ultimates
god-ultimates	and other ultimates
godfrey	Godfrey of Fontaines
godwin	Godwin, William
goedel	G&ouml;del, Kurt
goedel-incompleteness	incompleteness theorems
gomez-pereira	Pereira, G&oacute;mez
goodman	Goodman, Nelson
goodman-aesthetics	Goodman, Nelson: aesthetics
goodman-aesthetics	aesthetics
gorampa	Gorampa [go rams pa]
gramsci	Gramsci, Antonio
gratitude	gratitude
green	Green, Thomas Hill
gregory-rimini	Gregory of Rimini
grice	Grice, Paul
grosseteste	Grosseteste, Robert
grotius	Grotius, Hugo
grounding	grounding, metaphysical
grounds-moral-status	moral status, grounds of
habermas	Habermas, J&uuml;rgen
haecceitism	haecceitism
halevi	Halevi, Judah
hamann	Hamann, Johann Georg
han-dynasty	Han Dynasty
happiness	happiness
hare	Hare, Richard Mervyn
harriet-mill	Mill, Harriet Taylor
hartley	Hartley, David
hartshorne	Hartshorne, Charles
hate-speech	hate speech
health-disease	health
heaven-hell	heaven and hell in Christian thought
hedonism	hedonism
hegel	Hegel, Georg Wilhelm Friedrich
hegel-aesthetics	Hegel, Georg Wilhelm Friedrich: aesthetics
hegel-aesthetics	aesthetics
hegel-dialectics	Hegel, Georg Wilhelm Friedrich: dialectics
hegel-dialectics	dialectics
hegel-social-political	social and political philosophy
heidegger	Heidegger, Martin
heidegger-aesthetics	Heidegger, Martin: aesthetics
heidegger-aesthetics	aesthetics
heinrich-rickert	Rickert, Heinrich
hempel	Hempel, Carl
henricus-regius	Regius, Henricus
henry-ghent	Henry of Ghent
henry-more	More, Henry
heraclitus	Heraclitus
herder	Herder, Johann Gottfried von
heritability	heritability
hermann-helmholtz	Helmholtz, Hermann von
hermann-lotze	Lotze, Hermann
hermeneutics	hermeneutics
heytesbury	Heytesbury, William
higher-order-evidence	evidence, higher-order
hilbert-program	Hilbert, David: program in the foundations of mathematics
hilbert-program	program in the foundations of mathematics
hist-westphilmusic-since-1800	history of western philosophy of, since 1800
hist-westphilmusic-to-1800	history of western philosophy of, antiquity to 1800
histfem-condorcet	in the history of feminism
history	history, philosophy of
hobbes	Hobbes, Thomas
hobbes-moral	moral and political philosophy
hobbes-science	philosophy of science
holbach	Holbach, Paul-Henri Thiry (Baron) d&rsquo;
holes	holes
holism-social	methodological holism in the social sciences
holkot	Holkot [Holcot], Robert
homosexuality	homosexuality
hope	hope
horkheimer	Horkheimer, Max
human-genome	human genome project
human-nature	human nature
humanism-civic	civic humanism
hume	Hume, David
hume-aesthetics	Hume, David: aesthetics
hume-aesthetics	aesthetics
hume-freewill	on free will
hume-moral	moral philosophy
hume-newton	Newtonianism and Anti-Newtonianism
hume-religion	on religion
humor	humor, philosophy of
husserl	Husserl, Edmund
hutcheson	Hutcheson, Francis
hyperintensionality	hyperintensionality
iamblichus	Iamblichus
ibn-arabi	Ibn &lsquo;Arab&#299;
ibn-bajja	Ibn B&acirc;jja [Avempace]
ibn-ezra	Ibn Ezra, Abraham
ibn-gabirol	Ibn Gabirol, Solomon
ibn-gabirol	Ibn Gabirol, Solomon [Avicebron]
ibn-kammuna	Ibn Kamm&#363;na
ibn-rushd	Ibn Rushd
ibn-rushd	Ibn Rushd [Averroes]
ibn-rushd-natural	Ibn Rushd: natural philosophy
ibn-rushd-natural	natural philosophy
ibn-sina	Ibn Sina
ibn-sina	Ibn Sina [Avicenna]
ibn-sina-logic	Ibn Sina: logic
ibn-sina-logic	logic
ibn-sina-metaphysics	Ibn Sina: metaphysics
ibn-sina-metaphysics	metaphysics
ibn-sina-natural	Ibn Sina: natural philosophy
ibn-sina-natural	natural philosophy
ibn-taymiyya	Ibn Taymiyya
idealism	idealism
identity	identity
identity-ethics	and ethics
identity-ethics	personal identity: and ethics
identity-indiscernible	of indiscernibles
identity-personal	personal identity
identity-politics	identity politics
identity-relative	relative
identity-time	over time
identity-transworld	identity: transworld
identity-transworld	transworld
ideology	ideology
idiolects	idiolects
ikhwan-al-safa	Ikhw&#257;n al-Saf&#257;&rsquo;
illumination	illumination
imagination	imagination
imaginative-resistance	imaginative resistance
immigration	immigration
immunology	immunology, philosophy of
immutability	immutability
impartiality	impartiality
implicature	implicature
implicature-optimality-games	optimality theoretic and game theoretic approaches
implicit-bias	bias, implicit
impossible-worlds	impossible worlds
imprecise-probabilities	probabilities, imprecise
incommensurability	incommensurability: of scientific theories
incommensurability	of scientific theories
incompatibilism-arguments	arguments for
incompatibilism-theories	(nondeterministic) theories of free will
incompatibilism-theories	incompatibilism: (nondeterministic) theories of free will
independence-large-cardinals	independence and large cardinals
indexicals	indexicals
induction-problem	problem of
infinite-regress	infinite regress arguments
infinity	infinity
information	information
information-biological	biological
information-biological	information: biological
information-entropy	and thermodynamic entropy
information-entropy	information processing: and thermodynamic entropy
information-semantic	semantic conceptions of
informed-consent	informed consent
ingarden	Ingarden, Roman
inheritance-systems	inheritance systems
innate-acquired	innate/acquired distinction
innateness-cognition	and contemporary theories of cognition
innateness-history	historical controversies
innateness-language	and language
innateness-language	innateness: and language
inner-speech	inner speech
insolubles	insolubles [= insolubilia]
integrity	integrity
intellectual-property	intellectual
intensional-trans-verbs	intensional transitive verbs
intention	intention
intentionality	intentionality
intentionality-ancient	in ancient philosophy
international-justice	international distributive
international-justice	justice: international distributive
international-law	international law, philosophy of
intrinsic-extrinsic	intrinsic vs. extrinsic properties
introspection	introspection
intuition	intuition
intuitionism	intuitionism
intuitionism	mathematics, philosophy of: intuitionism
intuitionism-ethics	moral intuitionism
intuitionistic-logic-development	intuitionistic logic
intuitionistic-logic-development	logic, history of: intuitionistic logic
israeli	Israeli, Isaac
it-moral-values	and moral values
it-privacy	and privacy
it-privacy	information technology: and privacy
jaina-philosophy	Jaina Philosophy
james	James, William
james-mill	Mill, James
james-viterbo	James of Viterbo
james-ward	Ward, James
japanese-aesthetics	Japanese Philosophy: aesthetics
japanese-aesthetics	aesthetics
japanese-confucian	Confucian
japanese-confucian	Japanese Philosophy: Confucian
japanese-philosophy	Japanese Philosophy
japanese-pure-land	Pure Land
japanese-zen	Japanese Philosophy: Zen Buddhism
japanese-zen	Zen Buddhism
jaspers	Jaspers, Karl
jayaraasi	Jayar&#257;&#347;i
jefferson	Jefferson, Thomas
joane-petrizi	Petrizi, Joane
johann-fichte	Fichte, Johann Gottlieb
johann-herbart	Herbart, Johann Friedrich
johann-sturm	Sturm, Johann
john-italos	Italos, John
john-norris	Norris, John
john-salisbury	John of Salisbury
jury-theorems	jury theorems
justep-coherence	coherentist theories of
justep-foundational	foundationalist theories of
justep-foundational	justification, epistemic: foundationalist theories of
justep-intext	internalist vs. externalist conceptions of
justice	justice
justice-bad-luck	justice and bad luck
justice-bad-luck	luck: justice and bad luck
justice-climate	climate
justice-climate	justice: climate
justice-distributive	distributive
justice-distributive	justice: distributive
justice-global	global
justice-global	justice: global
justice-healthcareaccess	ethics, biomedical: justice and access to health care
justice-healthcareaccess	justice and access to health care
justice-inequality-health	ethics, biomedical: justice, inequality, and health
justice-inequality-health	justice, inequality, and health
justice-intergenerational	intergenerational
justice-moral-psych	and empirical moral psychology
justice-moral-psych	distributive justice: and empirical moral psychology
justice-retributive	justice: retributive
justice-retributive	retributive
justice-transitional	transitional
justice-virtue	as a virtue
justification-public	public
justus-lipsius	Lipsius, Justus
kant	Kant, Immanuel
kant-aesthetics	aesthetics and teleology
kant-conceptualism	conceptualism/nonconceptualism
kant-development	philosophical development
kant-hume-causality	Kant, Immanuel: and Hume on causality
kant-hume-causality	and Hume on causality
kant-hume-morality	Kant, Immanuel: and Hume on morality
kant-hume-morality	and Hume on morality
kant-judgment	theory of judgment
kant-leibniz	and Leibniz
kant-mathematics	Kant, Immanuel: philosophy of mathematics
kant-mathematics	philosophy of mathematics
kant-metaphysics	critique of metaphysics
kant-mind	view of mind and consciousness of self
kant-moral	moral philosophy
kant-reason	account of reason
kant-religion	philosophy of religion
kant-science	philosophy of science
kant-social-political	social and political philosophy
kant-spacetime	views on space and time
kant-transcendental	Kant, Immanuel: transcendental arguments
kant-transcendental	transcendental arguments
kant-transcendental-idealism	transcendental idealism
karl-reinhold	Reinhold, Karl Leonhard
kaspi-joseph	Kaspi, Joseph
kepler	Kepler, Johannes
kierkegaard	Kierkegaard, S&oslash;ren
kilvington	Kilvington, Richard
knowledge-acquaindescrip	by acquaintance vs. description
knowledge-analysis	analysis of
knowledge-how	knowledge how
knowledge-value	knowledge, value of
kochen-specker	Kochen-Specker theorem
kochen-specker	quantum mechanics: Kochen-Specker theorem
kokugaku-school	Japanese Philosophy: Kokugaku School
kokugaku-school	Kokugaku School [Native Japan Studies School]
korean-buddhism	Buddhism
korean-buddhism	Korean Philosophy: Buddhism
korean-confucianism	Confucianism
korean-confucianism	Korean Philosophy: Confucianism
korean-philosophy	Korean Philosophy
kukai	Japanese Philosophy: K&#363;kai
kukai	K&#363;kai
kumaarila	Kum&#257;rila
kyoto-school	Kyoto School
la-forge	La Forge, Louis de
lacan	Lacan, Jacques
lady-masham	Masham, Lady Damaris
lakatos	Lakatos, Imre
lambda-calculus	lambda calculus, the
lambert-auxerre	Lambert of Auxerre
landmann-kalischer	Landmann-Kalischer, Edith
langer	Langer, Susanne
language-india	language and testimony
language-thought	language of thought hypothesis
laozi	Laozi
large-cardinals-determinacy	large cardinals and determinacy
large-cardinals-determinacy	set theory: large cardinals and determinacy
latin-american-analytic	analytic philosophy in
latin-american-metaphilosophy	metaphilosophical foundations
latin-american-philosophy	Latin American Philosophy
latinx	Latinx Philosophy
law-ideology	and ideology
law-ideology	law: and ideology
law-interpretivist	interpretivist theories
law-language	and language
law-limits	limits of law
lawphil-naturalism	in legal philosophy
lawphil-nature	nature of law
lawphil-theory	pure theory of law
laws-of-nature	laws of nature
learning-formal	learning theory, formal
lefevre-etaples	Lef&egrave;vre d&rsquo;&Eacute;taples, Jacques
legal-econanalysis	economic analysis of law
legal-interpretation	legal interpretation
legal-obligation	legal obligation and authority
legal-positivism	legal positivism
legal-positivism	nature of law: legal positivism
legal-probabilism	legal probabilism
legal-punishment	punishment, legal
legal-reas-interpret	interpretation and coherence in
legal-reas-prec	precedent and analogy in
legal-rights	legal rights
legitimacy	legitimacy, political
legrand	Le Grand, Antoine
leibniz	Leibniz, Gottfried Wilhelm
leibniz-causation	on causation
leibniz-ethics	ethics
leibniz-evil	on the problem of evil
leibniz-exoteric	Exoteric Philosophy
leibniz-logic-influence	influence on 19th century logic
leibniz-mind	philosophy of mind
leibniz-modal	Leibniz, Gottfried Wilhelm: modal metaphysics
leibniz-modal	modal metaphysics
leibniz-physics	philosophy of physics
leibowitz-yeshayahu	Leibowitz, Yeshayahu
lesniewski	Le&#347;niewski, Stanis&#322;aw
leucippus	Leucippus
levels-org-biology	levels of organization in biology
levinas	Levinas, Emmanuel
lewis-ci	Lewis, Clarence Irving
lewis-metaphysics	metaphysics
liar-paradox	liar paradox
liberalism	liberalism
liberalism-latin-america	in Latin America
liberalism-latin-america	liberalism: in Latin America
liberation	liberation, philosophy of
libertarianism	libertarianism
liberty-positive-negative	liberty: positive and negative
liberty-positive-negative	positive and negative
life	life
life-meaning	meaning of
linguistics	philosophy of
literal-nonliteral-india	literal-nonliteral distinction
llull	Llull, Ramon
location-mereology	location and mereology
locke	Locke, John
locke-freedom	on freedom
locke-moral	moral philosophy
locke-on-medicine	on medicine
locke-personal-identity	on personal identity
locke-philosophy-science	philosophy of science
locke-political	political philosophy
logic-action	action
logic-action	logic: action
logic-ai	artificial intelligence: logic-based
logic-ai	logic-based
logic-algebraic-propositional	algebraic propositional
logic-algebraic-propositional	logic: algebraic propositional
logic-ancient	ancient
logic-belief-revision	of belief revision
logic-classical	classical
logic-classical	logic: classical
logic-combinatory	combinatory
logic-combining	combining
logic-conditionals	conditionals
logic-conditionals	logic: conditionals
logic-connexive	connexive
logic-deontic	deontic
logic-dependence	dependence
logic-dialogical	dialogical
logic-dynamic	propositional dynamic
logic-epistemic	epistemic
logic-firstorder-emergence	first-order logic
logic-free	free
logic-fuzzy	fuzzy
logic-games	and games
logic-games	logic: and games
logic-higher-order	second-order and higher-order
logic-hybrid	hybrid
logic-hybrid	logic: hybrid
logic-if	independence friendly
logic-india	Indian Philosophy (Classical): logic
logic-india	logic
logic-inductive	inductive
logic-inductive	logic: inductive
logic-infinitary	infinitary
logic-informal	informal
logic-informal	logic: informal
logic-information	and information
logic-information	logic: and information
logic-intensional	intensional
logic-intuitionistic	intuitionistic
logic-intuitionistic	logic: intuitionistic
logic-justification	justification
logic-linear	linear
logic-linear	logic: linear
logic-many-sorted	many-sorted
logic-manyvalued	many-valued
logic-massexpress	logic of
logic-massexpress	mass expressions: logic of
logic-modal	logic: modal
logic-modal	modal
logic-modal-origins	logic, history of: modal logic
logic-modal-origins	modal logic
logic-nonmonotonic	non-monotonic
logic-normative	logic: normative status of
logic-normative	normative status of
logic-ontology	and ontology
logic-paraconsistent	paraconsistent
logic-power-games	for analyzing power in normal form games
logic-power-games	logic: for analyzing power in normal form games
logic-preference	logic: preference
logic-preference	preference
logic-probability	and probability
logic-probability	logic: and probability
logic-propositional	logic: propositional
logic-propositional	propositional
logic-provability	provability
logic-relevance	relevance
logic-substructural	logic: substructural
logic-substructural	substructural
logic-temporal	temporal
logical-atomism	Russell&rsquo;s
logical-atomism	logical atomism: Russell&rsquo;s
logical-consequence	logical consequence
logical-constants	logical constants
logical-construction	logical constructions
logical-empiricism	empiricism: logical
logical-empiricism	logical
logical-form	logical form
logical-pluralism	logical pluralism
logical-truth	logical truth
logicism	logicism and neologicism
logics-for-games	for analyzing games
logics-for-games	logic: for analyzing games
lorenzo-valla	Valla, Lorenzo
love	love
loyalty	loyalty
lucretius	Lucretius
lucrezia-marinella	Marinella, Lucrezia
ludwig-feuerbach	Feuerbach, Ludwig Andreas
lukacs	Luk&aacute;cs, Georg [Gy&ouml;rgy]
lukasiewicz	&#321;ukasiewicz, Jan
luther	Luther, Martin
luther-influence	influence on philosophy
luxemburg	Luxemburg, Rosa
lvov-warsaw	Lvov-Warsaw School
lying-definition	definition of
lying-definition	lying and deception: definition of
lyotard	Lyotard, Jean Fran&ccedil;ois
machiavelli	Machiavelli, Niccol&ograve;
macroevolution	macroevolution, philosophy of
madeleine-scudery	Scud&eacute;ry, Madeleine de
madhyamaka	Madhyamaka
maimon	Maimon, Salomon
maimonides	Maimonides
maimonides-islamic	the influence of Islamic thought on
malebranche	Malebranche, Nicolas
malebranche-ideas	theory of ideas and vision in God
mally	Mally, Ernst
mally-deontic	deontic logic
mandeville	Mandeville, Bernard
marcel	Marcel, Gabriel (-Honor&eacute;)
marcus-aurelius	Marcus Aurelius
marcuse	Marcuse, Herbert
margaret-cavendish	Cavendish, Margaret Lucas
margaret-fell	Fell, Margaret
maritain	Maritain, Jacques
markets	markets
marriage	marriage and domestic partnership
marsilius-inghen	Marsilius of Inghen
marsilius-padua	Marsilius of Padua
marty	Marty, Anton
marx	Marx, Karl
marxism-analytical	Marxism, analytical
mary-shepherd	Shepherd, Mary
material-constitution	material constitution
materialism-eliminative	eliminative
mathematical-practice	mathematical practice
mathematical-style	in mathematics
mathematical-style	style: in mathematics
mathematics-constructive	constructive
mathematics-explanation	explanation
mathematics-explanation	mathematical: explanation
mathematics-inconsistent	inconsistent
mathematics-nondeductive	non-deductive methods in
mathphil-indis	indispensability arguments in the
mathphil-indis	mathematics, philosophy of: indispensability arguments in the
max-stirner	Stirner, Max
mctaggart	McTaggart, John M. E.
mead	Mead, George Herbert
meaning	meaning, theories of
meaning-holism	meaning holism
meaning-normativity	meaning: normativity of
meaning-normativity	normativity of
measurement-science	in science
medicine	medicine, philosophy of
medieval-categories	categories: medieval theories of
medieval-categories	medieval theories of
medieval-emotions	emotion: medieval theories of
medieval-emotions	medieval theories of
medieval-futcont	future contingents: medieval theories of
medieval-futcont	medieval theories of
medieval-haecceity	haecceity: medieval theories of
medieval-haecceity	medieval theories of
medieval-literary	literary forms of
medieval-philosophy	medieval philosophy
medieval-political	medieval
medieval-political	political philosophy: medieval
medieval-syllogism	medieval theories of
medieval-syllogism	syllogism: medieval theories of
medieval-terms	medieval theories of
medieval-terms	terms, properties of: medieval theories of
meinong	Meinong, Alexius
meister-eckhart	Meister Eckhart
memory	memory
memory-episprob	epistemological problems of
mencius	Mencius
mendelssohn	Mendelssohn, Moses
mental-causation	mental causation
mental-disorder	mental disorder
mental-imagery	mental imagery
mental-representation	mental representation
mereology	mereology
mereology-medieval	medieval
meritocracy	meritocracy
merleau-ponty	Merleau-Ponty, Maurice
mersenne	Mersenne, Marin
metaepistemology	metaepistemology
metaethics	metaethics
metaphor	metaphor
metaphysical-explanation	metaphysical explanation
metaphysics	metaphysics
metaphysics-massexpress	metaphysics of
methodological-individualism	individualism, methodological
michel-henry	Henry, Michel
microbiology	microbiology, philosophy of
mill	Mill, John Stuart
mill-moral-political	moral and political philosophy
mind-identity	mind/brain identity theory
mind-indian-buddhism	in Indian Buddhist Philosophy
mind-indian-buddhism	mind: in Indian Buddhist Philosophy
miracles	miracles
modality-epistemology	epistemology of
modality-epistemology	modality: epistemology of
modality-medieval	medieval theories of
modality-medieval	modality: medieval theories of
modality-varieties	varieties of
model-organisms	model organisms
model-theory	model theory
models-science	models in science
modeltheory-fo	first-order
modesty-humility	modesty and humility
modularity-mind	modularity of
mohism	Chinese Philosophy: Mohism
mohism	Mohism
mohist-canons	Chinese Philosophy: Mohist Canons
mohist-canons	Mohist Canons
molecular-biology	molecular biology
molecular-genetics	molecular
molyneux-problem	Molyneux&rsquo;s problem
money-finance	money and finance, philosophy of
monism	monism
monotheism	monotheism
montague-semantics	Montague
montaigne	Montaigne, Michel de
montesquieu	Montesquieu, Charles-Louis de Secondat, Baron de
montessori-maria	Montessori, Maria
moore	Moore, George Edward
moore-moral	moral philosophy
moral-animal	animals, moral status of
moral-anti-realism	moral anti-realism
moral-arguments-god	moral arguments
moral-character	character, moral
moral-character-empirical	character, moral: empirical approaches
moral-character-empirical	empirical approaches
moral-cognitivism	cognitivism vs. non-cognitivism, moral
moral-conventional	moral/conventional distinction
moral-decision-uncertainty	moral decision-making under uncertainty
moral-demands-permissions	moral demands and permissions/prerogatives
moral-dilemmas	moral dilemmas
moral-epistemology	moral epistemology
moral-epistemology-a-priori	a priorism in
moral-epistemology-a-priori	moral epistemology: a priorism in
moral-luck	luck: moral
moral-luck	moral
moral-motivation	moral motivation
moral-non-naturalism	moral non-naturalism
moral-particularism	moral particularism
moral-particularism-generalism	and moral generalism
moral-particularism-generalism	moral particularism: and moral generalism
moral-phenomenology	moral
moral-phenomenology	phenomenology: moral
moral-psych-emp	empirical approaches
moral-realism	moral realism
moral-relativism	moral relativism
moral-responsibility	moral responsibility
moral-responsibility-empirical	empirical approaches
moral-responsibility-empirical	moral responsibility: empirical approaches
moral-responsibility-epistemic	the epistemic condition
moral-sentimentalism	moral sentimentalism
moral-theory	moral theory
morality-biology	and evolutionary biology
morality-biology	morality: and evolutionary biology
morality-definition	morality, definition of
mulla-sadra	Mulla Sadra
multiculturalism	multiculturalism
multiple-realizability	multiple realizability
murdoch	Murdoch, Iris
music	philosophy of
mysticism	mysticism
nagarjuna	N&#257;g&#257;rjuna
names	names
nationalism	nationalism
natorp	Natorp, Paul
natphil-ren	in the Renaissance
natural-deduction	natural deduction systems in logic
natural-kinds	natural kinds
natural-language-ontology	ontology, natural language
natural-law-ethics	ethics: natural law tradition
natural-law-ethics	natural law tradition
natural-law-theories	natural law theories
natural-law-theories	nature of law: natural law theories
natural-properties	natural
natural-selection	natural selection
natural-theology	theology, natural and natural religion
naturalism	naturalism
naturalism-india	naturalism
naturalism-mathematics	mathematics, philosophy of: naturalism
naturalism-mathematics	naturalism
naturalism-moral	moral
naturalism-moral	naturalism: moral
necessary-sufficient	necessary and sufficient conditions
needs	needs, in moral and political philosophy
negation	negation
negritude	N&eacute;gritude
neo-daoism	Neo-Daoism
neo-kantianism	neo-Kantianism
neoliberalism	neoliberalism
neoplatonism	Neoplatonism
neurath	Neurath, Otto
neuroethics	neuroethics
neuroscience	neuroscience, philosophy of
neutral-monism	neutral monism
newton	Newton, Isaac
newton-philosophy	philosophy
newton-principia	Philosophiae Naturalis Principia Mathematica
newton-stm	views on space, time, and motion
nicolai-hartmann	Hartmann, Nicolai
nicole-oresme	Oresme, Nicole
nietzsche	Nietzsche, Friedrich
nietzsche-aesthetics	Nietzsche, Friedrich: aesthetics
nietzsche-aesthetics	aesthetics
nietzsche-life-works	life and works
nietzsche-moral-political	moral and political philosophy
nishida-kitaro	Nishida Kitar&#333;
nominalism-mathematics	mathematics, philosophy of: nominalism
nominalism-mathematics	nominalism
nominalism-metaphysics	in metaphysics
nonexistent-objects	nonexistent objects
nonidentity-problem	nonidentity problem
nonwellfounded-set-theory	non-wellfounded
normativity-metaethics	metaethics, normativity in
nothingness	nothingness
novalis	Novalis [Georg Friedrich Philipp von Hardenberg]
nozick-political	political philosophy
numenius	Numenius
oakeshott	Oakeshott, Michael
object	object
obligationes	obligationes, medieval theories of
occasionalism	occasionalism
ockham	Ockham [Occam], William
ockham	Ockham, William
olivi	Olivi, Peter John
olympiodorus	Olympiodorus
omnipotence	omnipotence
omnipresence	omnipresence
omniscience	omniscience
ontological-arguments	ontological arguments
ontological-commitment	ontological commitment
ontology-is	and information systems
operationalism	operationalism
ordinary-objects	ordinary objects
organ-donation	donation of human organs
organs-sale	sale of human organs
origen	Origen
origin-descent	evolution: from the Origin of Species to the Descent of Man
origin-descent	from the Origin of Species to the Descent of Man
original-position	original position
other-minds	other minds
pacifism	pacifism
pain	pain
paine	Paine, Thomas
panentheism	panentheism
panpsychism	panpsychism
pantheism	pantheism
paradox-of-tragedy	paradox of tragedy
paradox-simpson	Simpson&rsquo;s paradox
paradox-skolem	Skolem&rsquo;s
paradox-skolem	paradox: Skolem&rsquo;s
paradox-stpetersburg	St. Petersburg paradox
paradox-suspense	suspense, paradox of
paradox-zeno	Zeno of Elea: Zeno&rsquo;s paradoxes
paradox-zeno	Zeno&rsquo;s paradoxes
paradoxes-contemporary-logic	and contemporary logic
parenthood	parenthood and procreation
parmenides	Parmenides
pascal	Pascal, Blaise
pascal-wager	Pascal&rsquo;s wager
paternalism	paternalism
patriotism	patriotism
patrizi	Patrizi, Francesco
paul-venice	Paul of Venice
peirce	Peirce, Charles Sanders
peirce-benjamin	Peirce, Benjamin
peirce-logic	logic
peirce-semiotics	theory of signs
penbygull	Penbygull, William
perception-auditory	auditory
perception-auditory	perception: auditory
perception-contents	the contents of
perception-disjunctive	the disjunctive theory of
perception-episprob	epistemological problems of
perception-episprob	perception: epistemological problems of
perception-india	perceptual experience and concepts
perception-justification	experience and justification
perception-problem	the problem of
perceptual-learning	learning, perceptual
perfect-goodness	goodness, perfect
perfectionism-moral	perfectionism, in moral and political philosophy
personal-autonomy	personal
personal-relationship-goods	personal relationship goods
personalism	personalism
personhood-india	Indian Philosophy (Classical): personhood
personhood-india	personhood
persons-means	treating persons as means
peter-damian	Damian, Peter
peter-spain	Peter of Spain [= Petrus Hispanus]
petitionary-prayer	petitionary
phenomenal-intentionality	intentionality: phenomenal
phenomenal-intentionality	phenomenal
phenomenology	phenomenology
phenomenology-mg	of the Munich and G&ouml;ttingen Circles
phenomenology-religion	phenomenology of
phil-bio-latin-america	in Latin America
phil-bio-latin-america	philosophy of biology: in Latin America
phil-multimodallogic	multi-modal logic, philosophical aspects of
phil-science-latin-america	in Latin America
phil-science-latin-america	philosophy of science: in Latin America
philanthropy	philanthropy
philip-chancellor	Philip the Chancellor
philippa-foot	Foot, Philippa
philo	Philo of Alexandria
philo-larissa	Philo of Larissa
philodemus	Philodemus
philolaus	Philolaus
philoponus	Philoponus
philosophy-chile	philosophy in
philosophy-mathematics	mathematics, philosophy of
philosophy-mexico	philosophy in
philosophy-religion	philosophy of
phylogenetic-inference	phylogenetic inference
physicalism	physicalism
physics-Rpcc	Reichenbach, Hans: common cause principle
physics-Rpcc	common cause principle
physics-experiment	experiment in
physics-experiment	physics: experiment in
physics-holism	holism and nonseparability
physics-interrelate	intertheory relations in
physics-interrelate	physics: intertheory relations in
physics-structuralism	physics: structuralism in
physics-structuralism	structuralism in
pico-della-mirandola	Pico della Mirandola, Giovanni
plato	Plato
plato-aesthetics	Plato: aesthetics
plato-aesthetics	aesthetics
plato-cratylus	Cratylus
plato-ethics	ethics
plato-ethics-politics	ethics and politics in The Republic
plato-ethics-shorter	shorter ethical works
plato-friendship	friendship and eros
plato-laws	Laws
plato-metaphysics	Plato: middle period metaphysics and epistemology
plato-metaphysics	middle period metaphysics and epistemology
plato-myths	Plato: myths
plato-myths	myths
plato-parmenides	Parmenides
plato-rhetoric	rhetoric and poetry
plato-sophstate	method and metaphysics in the Sophist and Statesman
plato-theaetetus	on knowledge in the Theaetetus
plato-timaeus	Timaeus
platonism	in metaphysics
platonism-mathematics	Platonism
platonism-mathematics	mathematics, philosophy of: Platonism
pleasure	pleasure
plotinus	Plotinus
plural-quant	plural quantification
plutarch	Plutarch
pm-notation	notation in
poincare	Poincar&eacute;, Henri
political-obligation	political obligation
political-representation	representation, political
polqar	Polqar, Isaac
pomponazzi	Pomponazzi, Pietro
popper	Popper, Karl
population-genetics	genetics: population
population-genetics	population
pornography-censorship	and censorship
pornography-censorship	pornography: and censorship
porphyry	Porphyry
port-royal-logic	Port Royal Logic
possibilism-actualism	possibilism-actualism debate
possible-objects	possible objects
possible-worlds	possible worlds
postmodernism	postmodernism
practical-reason	practical reason
practical-reason-action	and the structure of actions
practical-reason-action	practical reason: and the structure of actions
practical-reason-med	medieval theories of
practical-reason-med	practical reason: medieval theories of
pragmatic-belief-god	pragmatic arguments and belief in God
pragmatics	pragmatics
pragmatism	pragmatism
prediction-accommodation	prediction versus accommodation
preferences	preferences
presentism	presentism
presocratics	Presocratic Philosophy
presupposition	presupposition
price	Price, Henry Habberley
prichard	Prichard, Harold Arthur
principia-mathematica	Principia Mathematica
principle-beneficence	beneficence, principle of
prior	Prior, Arthur
prioritarianism	prioritarianism as a theory of value
prisoner-dilemma	prisoner&rsquo;s dilemma
privacy	privacy
privacy-medicine	ethics, biomedical: privacy and medicine
privacy-medicine	privacy and medicine
private-language	private language
probability-interpret	probability, interpretations of
probability-medieval-renaissance	probability, in medieval and Renaissance philosophy
problem-of-many	many, problem of
process-philosophy	process philosophy
process-theism	process theism
proclus	Proclus
progress	progress
promises	promises
proof-theoretic-semantics	proof-theoretic
proof-theory	proof theory
proof-theory-development	development of
proof-theory-development	proof theory: development of
prop-attitude-reports	propositional attitude reports
properties	properties
properties-emergent	emergent properties
property	property and ownership
prophecy	prophecy
propositional-function	propositional function
propositions	propositions
propositions-singular	singular
propositions-structured	structured
protagoras	Protagoras
providence-divine	providence, divine
pseudo-dionysius-areopagite	Pseudo-Dionysius the Areopagite
pseudo-science	and pseudo-science
pseudo-science	science: and pseudo-science
psychiatry	psychiatry, philosophy of
psychologism	psychologism
psychology-normative-cognition	normative cognition, psychology of
psychotherapy	psychotherapy, philosophy of
public-goods	public goods
public-reason	public reason
publichealth-ethics	ethics
publichealth-ethics	public health: ethics
publicity	publicity
pufendorf	Pufendorf, Samuel Freiherr von
pyrrho	Pyrrho
pythagoras	Pythagoras
pythagoreanism	Pythagoreanism
qing-philosophy	Chinese Philosophy: Qing philosophy
qing-philosophy	Qing philosophy
qm	quantum mechanics
qm-action-distance	action at a distance in
qm-action-distance	quantum mechanics: action at a distance in
qm-bohm	Bohmian mechanics
qm-collapse	collapse theories
qm-consistent-histories	consistent histories approach
qm-copenhagen	Copenhagen interpretation of
qm-decoherence	the role of decoherence in
qm-everett	Everettian
qm-manyworlds	many-worlds interpretation of
qm-modal	modal interpretations of
qm-relational	relational
qm-retrocausality	quantum mechanics: retrocausality
qm-retrocausality	retrocausality
qt-consciousness	and consciousness
qt-entangle	quantum entanglement and information
qt-entangle	quantum theory: quantum entanglement and information
qt-epr	the Einstein-Podolsky-Rosen argument in
qt-idind	identity and individuality in
qt-issues	philosophical issues in
qt-issues	quantum theory: philosophical issues in
qt-nvd	and mathematical rigor
qt-quantcomp	quantum computing
qt-quantlog	quantum logic and probability theory
qt-uncertainty	Uncertainty Principle
qualia	qualia
qualia-inverted	inverted
qualia-inverted	qualia: inverted
qualia-knowledge	knowledge argument
qualities-prim-sec	primary and secondary qualities in early modern philosophy
quantification	quantifiers and quantification
quantum-bayesian	Bayesian and pragmatist views
quantum-field-theory	quantum field theory
quantum-field-theory	quantum theory: quantum field theory
quantum-gravity	quantum gravity
questions	questions
quine	Quine, Willard Van Orman
quine-nf	New Foundations
quotation	quotation
race	race
radulphus-brito	Radulphus Brito
ramsey	Ramsey, Frank
ramsey-economics	Ramsey, Frank: and intergenerational welfare economics
ramsey-economics	and intergenerational welfare economics
ramus	Ramus, Petrus
rationalism-early-modern	rationalism, early modern
rationalism-empiricism	rationalism vs. empiricism
rationality-historicist	historicist theories of
rationality-instrumental	instrumental
rationality-instrumental	rationality: instrumental
rationality-normative-nonutility	rational choice, normative: rivals to expected utility
rationality-normative-nonutility	rivals to expected utility
rationality-normative-utility	expected utility
rationality-normative-utility	rational choice, normative: expected utility
rationality-structural	structural
rawls	Rawls, John
real-essence	Locke, John: on real essence
real-essence	on real essence
realism	realism
realism-about-metaphysics	realism and anti-realism about
realism-intl-relations	in international relations
realism-intl-relations	political realism: in international relations
realism-sem-challenge	challenges to metaphysical
realism-theory-change	and theory change in science
realism-theory-change	realism: and theory change in science
reasoning-analogy	analogy and analogical reasoning
reasoning-automated	automated
reasoning-automated	reasoning: automated
reasoning-defeasible	defeasible
reasoning-defeasible	reasoning: defeasible
reasoning-moral	moral
reasoning-moral	reasoning: moral
reasons-agent	agent-neutral vs. agent-relative
reasons-agent	reasons for action: agent-neutral vs. agent-relative
reasons-internal-external	internal vs. external
reasons-internal-external	reasons for action: internal vs. external
reasons-just-vs-expl	justification, motivation, explanation
reasons-just-vs-expl	reasons for action: justification, motivation, explanation
recognition	recognition
reconciliation	reconciliation
recursive-functions	recursive functions
redistribution	redistribution
reduction-biology	in biology
reduction-biology	reduction, scientific: in biology
reference	reference
reflective-equilibrium	reflective equilibrium
reichenbach	Reichenbach, Hans
reid	Reid, Thomas
reid-ethics	ethics
reid-memory-identity	on memory and personal identity
reinach	Reinach, Adolf
reism	reism
relations	relations
relations-medieval	medieval theories of
relations-medieval	relations: medieval theories of
relativism	relativism
reliabilism	reliabilist epistemology
religion-comparative	comparative philosophy of
religion-epistemology	epistemology of
religion-evolutionary	evolutionary approaches
religion-evolutionary	religion: evolutionary approaches
religion-morality	and morality in western philosophy
religion-politics	and political theory
religion-politics	religion: and political theory
religion-science	and science
religious-commitment-reason	religious commitment and reason
religious-experience	religious experience
religious-language	religious language
religious-pluralism	religious diversity
replication	replication and reproduction
representation-medieval	in medieval philosophy
representation-medieval	mental representation: in medieval philosophy
republicanism	republicanism
repugnant-conclusion	repugnant conclusion, the
respect	respect
reverse-mathematics	reverse mathematics
revolution	revolution
richard-price	Price, Richard
richard-sophister	Richard the Sophister
richard-sophister	Richard the Sophister [Ricardus Sophista, Magister abstractionum]
ricoeur	Ricoeur, Paul
rights	rights
rights-children	of children
rights-group	group
rights-group	rights: group
rights-human	human
rights-human	rights: human
rigid-designators	rigid designators
risk	risk
robert-kilwardby	Kilwardby, Robert
roger-bacon	Bacon, Roger
rorty	Rorty, Richard
rosenstock-huessy	Rosenstock-Huessy, Eugen
rosenzweig	Rosenzweig, Franz
rousseau	Rousseau, Jean Jacques
royce	Royce, Josiah
rule-following	rule-following and intentionality
rule-of-law	rule of law and procedural fairness
russell	Russell, Bertrand
russell-moral	moral philosophy
russell-paradox	Russell&rsquo;s paradox
russellian-monism	Russellian
ruth-barcan-marcus	Marcus, Ruth Barcan
ryle	Ryle, Gilbert
saadya	Saadya [Saadiah]
saantarak-sita	&#346;&#257;ntarak&#7779;ita
sakya-pandita	Sakya Pa&#7751;&#7693;ita [sa skya pa&#7751; &#7693;i ta]
santayana	Santayana, George
sartre	Sartre, Jean-Paul
scheler	Scheler, Max
schelling	Schelling, Friedrich Wilhelm Joseph von
schema	schema
schiller	Schiller, Friedrich
schlegel	Schlegel, Friedrich
schlegel-aw	Schlegel, August Wilhelm von
schleiermacher	Schleiermacher, Friedrich Daniel Ernst
schlick	Schlick, Moritz
schmitt	Schmitt, Carl
scholem	Scholem, Gershom
scholz	Scholz, Heinrich
school-names	School of Names
school-salamanca	School of Salamanca
schopenhauer	Schopenhauer, Arthur
schopenhauer-aesthetics	Schopenhauer, Arthur: aesthetics
schopenhauer-aesthetics	aesthetics
schutz	Schutz, Alfred
science-big-data	scientific research and big data
science-mechanisms	mechanism in science
science-theory-observation	theory and observation in
scientific-discovery	scientific discovery
scientific-explanation-20th	20th century theories
scientific-explanation-20th	scientific explanation: 20th century theories
scientific-knowledge-social	social dimensions of
scientific-method	scientific method
scientific-objectivity	scientific objectivity
scientific-pluralism	scientific pluralism
scientific-progress	scientific progress
scientific-realism	scientific realism
scientific-reduction	reduction, scientific
scientific-representation	scientific representation
scientific-reproducibility	reproducibility, scientific
scientific-revolutions	scientific revolutions
scientific-underdetermination	underdetermination, of scientific theories
scientific-unity	science: unity of
scientific-unity	unity of
scottish-18th	Scottish Philosophy: in the 18th Century
scottish-18th	in the 18th Century
scottish-19th	Scottish Philosophy: in the 19th century
scottish-19th	in the 19th century
scottus-eriugena	Eriugena, John Scottus
secession	secession
selection-units	natural selection: units and levels of
selection-units	units and levels of
self-consciousness	self-consciousness
self-consciousness-phenomenological	phenomenological approaches to
self-deception	self-deception
self-defense	self-defense
self-knowledge	self-knowledge
self-knowledge-externalism	and self-knowledge
self-knowledge-externalism	externalism: and self-knowledge
self-locating-beliefs	self-locating beliefs
self-obligations	obligations to oneself
self-reference	self-reference
sellars	Sellars, Wilfrid
semiotics-medieval	medieval
seneca	Seneca
sense-data	sense data
set-theory	set theory
set-theory-constructive	constructive and intuitionistic ZF
settheory-alternative	alternative axiomatic theories
settheory-early	early development
settheory-early	set theory: early development
sex-sexuality	sex and sexuality
sextus-empiricus	Sextus Empiricus
shaftesbury	Shaftesbury, Lord [Anthony Ashley Cooper, 3rd Earl of]
shankara	&#346;a&#7749;kara
shantideva	&#346;&#257;ntideva
shared-agency	agency: shared
shared-agency	shared
sharpe	Sharpe, Johannes
sidgwick	Sidgwick, Henry
sidney-hook	Hook, Sidney
sign-language-semantics	sign language semantics
sikh-philosophy	Sikh philosophy
simon-faversham	Simon of Faversham
simone-weil	Weil, Simone
simplicity	simplicity
simplicius	Simplicius
simulations-science	simulations in science
sin-christian	sin, in Christian thought
singular-terms-medieval	medieval theories of
singular-terms-medieval	singular terms: medieval theories of
situations-semantics	in natural language semantics
skeptical-theism	skeptical theism
skepticism	skepticism
skepticism-ancient	ancient
skepticism-ancient	skepticism: ancient
skepticism-content-externalism	and content externalism
skepticism-content-externalism	skepticism: and content externalism
skepticism-latin-america	in Latin America
skepticism-latin-america	skepticism: in Latin America
skepticism-medieval	medieval
skepticism-moral	moral skepticism
skepticism-moral-responsibility	about moral responsibility
smith-moral-political	moral and political philosophy
social-choice	social choice theory
social-construction-naturalistic	naturalistic approaches to
social-institutions	social institutions
social-minimum	social minimum [basic income]
social-norms	social norms
social-ontology	social ontology
social-procedures	social procedures, formal approaches
socialism	socialism
sociobiology	sociobiology
socrates	Socrates
solidarity	solidarity in social and political philosophy
song-ming-confucianism	Chinese Philosophy: Song-Ming Confucianism
song-ming-confucianism	Song-Ming Confucianism
sophie-de-grouchy	Sophie de Grouchy
sophismata	sophismata [= sophisms]
sophists	Sophists, The
sorites-paradox	Sorites paradox
sortals	sortals
sounds	sounds
sovereignty	sovereignty
spacetime-bebecome	being and becoming in modern physics
spacetime-bebecome	space and time: being and becoming in modern physics
spacetime-convensimul	conventionality of simultaneity
spacetime-holearg	space and time: the hole argument
spacetime-holearg	the hole argument
spacetime-iframes	inertial frames
spacetime-iframes	space and time: inertial frames
spacetime-singularities	singularities and black holes
spacetime-supertasks	supertasks
spacetime-theories	absolute and relational space and motion, post-Newtonian theories
spacetime-theories-classical	absolute and relational space and motion, classical theories
special-obligations	obligations: special
special-obligations	special
species	species
speech-acts	speech acts
spencer	Spencer, Herbert
speusippus	Speusippus
spinoza	Spinoza, Baruch
spinoza-attributes	theory of attributes
spinoza-epistemology-mind	epistemology and philosophy of mind
spinoza-modal	Spinoza, Baruch: modal metaphysics
spinoza-modal	modal metaphysics
spinoza-physics	physical theory
spinoza-political	political philosophy
spinoza-psychological	psychological theory
sport	sport, philosophy of
square	square of opposition
srigupta	&#346;r&#299;gupta
sriharsa	&#346;r&#299;har&#7779;a
states-of-affairs	states of affairs
statistics	statistics, philosophy of
statphys-Boltzmann	Boltzmann&rsquo;s work in
statphys-statmech	philosophy of statistical mechanics
stebbing	Stebbing, Susan
stein	Stein, Edith
stem-cells	ethics, biomedical: stem cell research
stem-cells	stem cell research
stevenson	Stevenson, Charles Leslie
stoicism	Stoicism
strauss-leo	Strauss, Leo
strawson	Strawson, Peter Frederick
structural-realism	structural realism
structuralism-mathematics	mathematics, philosophy of: structuralism
structuralism-mathematics	structuralism
structure-scientific-theories	structure of
stumpf	Stumpf, Carl
suarez	Su&aacute;rez, Francisco
substance	substance
sufficient-reason	principle of sufficient reason
suhrawardi	Suhrawardi
suicide	suicide
supererogation	supererogation
supervenience	supervenience
supervenience-ethics	in ethics
susman-margarete	Susman, Margarete
sylvan-routley	Sylvan [Routley], Richard
sylvan-routley	Sylvan, Richard
symmetry-breaking	physics: symmetry and symmetry breaking
symmetry-breaking	symmetry and symmetry breaking
syrianus	Syrianus
systems-synthetic-biology	systems and synthetic biology, philosophy of
tarski	Tarski, Alfred
tarski-truth	Tarski, Alfred: truth definitions
tarski-truth	truth definitions
taurellus	Taurellus, Nicolaus
technology	technology, philosophy of
teleological-arguments	teleological arguments for God&rsquo;s existence
teleological-arguments	teleology: teleological arguments for God&rsquo;s existence
teleology-biology	teleological notions in biology
teleology-biology	teleology: teleological notions in biology
telesio	Telesio, Bernardino
temporal-parts	temporal parts
tense-aspect	tense and aspect
territorial-rights	territorial rights and justice
terrorism	terrorism
testimony-episprob	epistemological problems of
theater	theater, philosophy of
theodicies	theodicies
theology-aristotle	Theology of Aristotle
theophrastus	Theophrastus
theoretical-terms-science	theoretical terms in science
theories-biological-development	biological development: theories of
theories-biological-development	theories of
theory-bioethics	theory
thick-ethical-concepts	thick ethical concepts
thomas-kuhn	Kuhn, Thomas
thomas-more	More, Thomas
thoreau	Thoreau, Henry David
thought-experiment	thought experiments
tibbon	Tibbon, Samuel Ibn
time	time
time-machine	time machines
time-thermo	thermodynamic asymmetry in
time-travel	time travel
time-travel-phys	and modern physics
timon-phlius	Timon of Phlius
toleration	toleration
tort-theories	torts, theories of the common law of
torture	torture
touch	touch
trans	trans philosophy
transcendental-arguments	transcendental arguments
transcendentalism	transcendentalism
transcendentals-medieval	transcendentals, medieval theories of
transformative-experience	transformative experience
transmission-justification-warrant	transmission of justification and warrant
trinity	trinity
tropes	tropes
trust	trust
truth	truth
truth-axiomatic	axiomatic theories of
truth-coherence	coherence theory of
truth-correspondence	correspondence theory of
truth-deflationary	deflationism about
truth-identity	identity theory of
truth-pluralist	pluralist theories of
truth-pragmatic	pragmatic theory of
truth-primitivist	primitivist theories of
truth-revision	revision theory of
truth-values	truth values
truthlikeness	truthlikeness
truthmakers	truthmakers
tsongkhapa	Tsongkhapa
turing	Turing, Alan
turing-machine	Turing machines
turing-test	Turing test
twardowski	Twardowski, Kazimierz
two-dimensional-semantics	two-dimensional
twotruths-india	two truths in India, theory of
twotruths-tibet	two truths in Tibet, theory of
type-theory	type theory
type-theory-church	Church&rsquo;s type theory
type-theory-intuitionistic	intuitionistic
type-theory-intuitionistic	type theory: intuitionistic
typelogical-grammar	grammar: typelogical
typelogical-grammar	typelogical
types-tokens	types and tokens
umar-khayyam	Umar Khayyam
understanding	understanding
universals-medieval	the medieval problem of
utilitarianism-history	history of
vagueness	vagueness
vaihinger	Vaihinger, Hans
value-incommensurable	incommensurable
value-incommensurable	value: incommensurable
value-intrinsic-extrinsic	intrinsic vs. extrinsic
value-pluralism	pluralism
value-theory	value theory
vasubandhu	Vasubandhu
vegetarianism	vegetarianism, ethics of
vico	Vico, Giambattista
vienna-circle	Vienna Circle
vives	Vives, Juan Luis
voltaire	Voltaire
voluntarism-theological	voluntarism, theological
voting	voting
voting-methods	methods
walter-chatton	Chatton, Walter
wang-yangming	Wang Yangming
war	war
watsuji-tetsuro	Watsuji Tetsur&#333;
weakness-will	weakness of will
weber	Weber, Max
weighing-reasons	weighing reasons
well-being	well-being
wesley-salmon	Salmon, Wesley
weyl	Weyl, Hermann
whewell	Whewell, William
whitehead	Whitehead, Alfred North
wilhelm-humboldt	Humboldt, Wilhelm von
wilhelm-windelband	Windelband, Wilhelm
wilhelm-wundt	Wundt, Wilhelm Maximilian
william-auvergne	William of Auvergne
william-champeaux	William of Champeaux
william-david-ross	Ross, William David
william-jevons	Jevons, William Stanley
william-sherwood	William of Sherwood
williams-bernard	Williams, Bernard
williams-dc	Williams, Donald Cary
wilson	Wilson, John Cook
wisdom-analytic	in contemporary analytic philosophy
wittgenstein	Wittgenstein, Ludwig
wittgenstein-aesthetics	Wittgenstein, Ludwig: aesthetics
wittgenstein-aesthetics	aesthetics
wittgenstein-atomism	Wittgenstein, Ludwig: logical atomism
wittgenstein-atomism	logical atomism
wittgenstein-mathematics	Wittgenstein, Ludwig: philosophy of mathematics
wittgenstein-mathematics	philosophy of mathematics
wodeham	Wodeham, Adam de
wolff-christian	Wolff, Christian
wollstonecraft	Wollstonecraft, Mary
word-meaning	meaning: of words
word-meaning	of words
work-labor	work and labor
world-government	world government
wright	Wright, Chauncey
wyclif	Wyclif, John
xenocrates	Xenocrates
xenophanes	Xenophanes
xunzi	Xunzi
yogacara	Yog&#257;c&#257;ra
yorck	Yorck von Wartenburg, Count Paul
zabarella	Zabarella, Giacomo
zeno-elea	Zeno of Elea
zermelo-set-theory	Zermelo&rsquo;s axiomatization of
zermelo-set-theory	set theory: Zermelo&rsquo;s axiomatization of
zhu-xi	Zhu Xi
zhuangzi	Zhuangzi
zombies	zombies
